mario,1269
akash,1369
siliang,1469
dw,1569
mario,1319 
akash,1319 
mario,1359 
akash,1279 
akash,1327 
mario,1311 
akash,1365 
mario,1273 
akash,1396 
mario,1242 
mario,1297 
akash,1341 
420,1240 
69,1160 
akash,1377 
mario,1261 
akash,1405 
mario,1233 
akash,1428 
mario,1210 
mario,1210 
akash,1446 
mario,1192 
akash,1461 
mario,1177 
akash,1473 
mario,1165 
akash,1482 
mario,1156 
akash,1489 
mario,1149 
akash,1495 
mario,1143 
mario,1218 
akash,1420 
akash,1440 
mario,1198 
akash,1456 
mario,1182 
mario,1249 
akash,1389 
akash,1415 
mario,1223 
akash,1436 
mario,1202 
mario,1265 
akash,1373 
mario,1265 
mario,1265 
akash,1402 
mario,1236 
akash,1425 
mario,1213 
akash,1444 
mario,1194 
mario,1259 
akash,1379 
mario,1311 
akash,1327 
